Dataset,method,jaccard 1,jaccard 2
ME13_1,SMOPCA,0.151279905,0.141881787
ME13_1,SMOPCA,0.151279905,0.141881787